{"cameraMode":{"drawMode":0,"name":"Shaded","section":"Shading Mode"},"sceneLighting":false,"audioPlay":false,"sceneViewState":{"showFog":true,"showMaterialUpdate":false,"showSkybox":false,"showFlares":true,"showImageEffects":true,"showParticleSystems":true},"in2DMode":false,"pivot":{"x":5.884685039520264,"y":1.8732776641845704,"z":17.26813507080078},"rotation":{"x":-0.21295569837093354,"y":0.04306981712579727,"z":-0.009396493434906006,"w":-0.9760767221450806},"size":2.602243661880493,"orthographic":false}