{"cameraMode":{"drawMode":0,"name":"Shaded","section":"Shading Mode"},"sceneLighting":false,"audioPlay":false,"sceneViewState":{"showFog":true,"showMaterialUpdate":false,"showSkybox":false,"showFlares":true,"showImageEffects":true,"showParticleSystems":true},"in2DMode":false,"pivot":{"x":-24.535608291625978,"y":4.140368461608887,"z":-68.08245849609375},"rotation":{"x":0.2599303722381592,"y":-0.24853257834911347,"z":0.06942538917064667,"w":0.9305106401443481},"size":11.413500785827637,"orthographic":false}