{"cameraMode":{"drawMode":0,"name":"Shaded","section":"Shading Mode"},"sceneLighting":false,"audioPlay":false,"sceneViewState":{"showFog":true,"showMaterialUpdate":false,"showSkybox":false,"showFlares":true,"showImageEffects":true,"showParticleSystems":true},"in2DMode":false,"pivot":{"x":9.200907707214356,"y":1.9703844785690308,"z":9.355009078979493},"rotation":{"x":-0.24355792999267579,"y":0.04565899446606636,"z":-0.011478475295007229,"w":-0.9687521457672119},"size":15.684918403625489,"orthographic":false}