{"cameraMode":{"drawMode":0,"name":"Shaded","section":"Shading Mode"},"sceneLighting":false,"audioPlay":false,"sceneViewState":{"showFog":true,"showMaterialUpdate":false,"showSkybox":false,"showFlares":true,"showImageEffects":true,"showParticleSystems":true},"in2DMode":false,"pivot":{"x":-1.5296356678009034,"y":1.0099999904632569,"z":-38.989933013916019},"rotation":{"x":0.4681132733821869,"y":-0.0735386535525322,"z":0.03913208097219467,"w":0.8797387480735779},"size":67.52692413330078,"orthographic":true}