{"cameraMode":{"drawMode":0,"name":"Shaded","section":"Shading Mode"},"sceneLighting":false,"audioPlay":false,"sceneViewState":{"showFog":true,"showMaterialUpdate":false,"showSkybox":false,"showFlares":true,"showImageEffects":true,"showParticleSystems":true},"in2DMode":false,"pivot":{"x":0.422332763671875,"y":1.4299999475479127,"z":13.289999961853028},"rotation":{"x":-0.2226661592721939,"y":-0.2547551989555359,"z":0.06040471792221069,"w":-0.9390906691551209},"size":0.8660253882408142,"orthographic":false}