{"cameraMode":{"drawMode":0,"name":"Shaded","section":"Shading Mode"},"sceneLighting":false,"audioPlay":false,"sceneViewState":{"showFog":true,"showMaterialUpdate":false,"showSkybox":false,"showFlares":true,"showImageEffects":true,"showParticleSystems":true},"in2DMode":false,"pivot":{"x":30.57891845703125,"y":3.0179996490478517,"z":-100.896484375},"rotation":{"x":0.05835891142487526,"y":-0.18313559889793397,"z":0.010889552533626557,"w":0.98130863904953},"size":5.892704010009766,"orthographic":true}