{"cameraMode":{"drawMode":0,"name":"Shaded","section":"Shading Mode"},"sceneLighting":false,"audioPlay":false,"sceneViewState":{"showFog":true,"showMaterialUpdate":false,"showSkybox":false,"showFlares":true,"showImageEffects":true,"showParticleSystems":true},"in2DMode":false,"pivot":{"x":5.710434913635254,"y":4.029167175292969,"z":1.722538948059082},"rotation":{"x":0.17290177941322328,"y":-0.6942232847213745,"z":0.17763447761535645,"w":0.6757295727729797},"size":1.315763235092163,"orthographic":false}