{"cameraMode":{"drawMode":0,"name":"Shaded","section":"Shading Mode"},"sceneLighting":false,"audioPlay":false,"sceneViewState":{"showFog":true,"showMaterialUpdate":false,"showSkybox":false,"showFlares":true,"showImageEffects":true,"showParticleSystems":true},"in2DMode":false,"pivot":{"x":16.037277221679689,"y":-0.8430576324462891,"z":0.4944629669189453},"rotation":{"x":-0.2130713313817978,"y":-0.2930818498134613,"z":0.06717903912067414,"w":-0.9296355247497559},"size":12.655232429504395,"orthographic":false}