{"cameraMode":{"drawMode":0,"name":"Shaded","section":"Shading Mode"},"sceneLighting":true,"audioPlay":false,"sceneViewState":{"showFog":true,"showMaterialUpdate":false,"showSkybox":true,"showFlares":true,"showImageEffects":true,"showParticleSystems":true},"in2DMode":false,"pivot":{"x":3.783329963684082,"y":-0.8166360855102539,"z":2.9307639598846437},"rotation":{"x":0.14715448021888734,"y":-0.6030681729316711,"z":0.11441942304372788,"w":0.7756065130233765},"size":7.846924304962158,"orthographic":false}